支出编号,日期,门店ID,门店名称,支出类别,金额(元),收款方,说明
37,2026-09-01,S01,Bear店,水电费,458.7,供电局/水务,月度水电
63,2026-09-01,S01,Bear店,物流配送,1921.75,物流公司,配送费
55,2026-09-02,S03,Rabbit店,物流配送,180.65,物流公司,配送费
28,2026-09-03,S01,Bear店,设备维护,1377.18,维修公司,收银机维护
77,2026-09-03,S04,Shiba店,损耗报损,1035.07,运营,临期/破损报损
3,2026-09-04,S01,Bear店,水电费,2340.15,供电局,月度固定支出
51,2026-09-04,S01,Bear店,员工工资,411.81,财务部,月度工资
9,2026-09-05,S03,Rabbit店,水电费,3479.85,供电局,月度固定支出
43,2026-09-05,S02,Catty店,设备维护,2365.24,维修公司,收银机维护
21,2026-09-06,S01,Bear店,水电费,798.97,供电局/水务,月度水电
49,2026-09-06,S01,Bear店,损耗报损,253.46,运营,临期/破损报损
72,2026-09-06,S01,Bear店,卫生耗材,1976.82,保洁公司,清洁耗材
19,2026-09-06,S03,Rabbit店,卫生耗材,1740.75,保洁公司,清洁耗材
27,2026-09-06,S03,Rabbit店,损耗报损,2473.22,运营,临期/破损报损
20,2026-09-07,S01,Bear店,损耗报损,671.59,运营,临期/破损报损
74,2026-09-07,S01,Bear店,促销物料,1331.97,广告公司,促销海报与陈列
33,2026-09-07,S04,Shiba店,损耗报损,1635.51,运营,临期/破损报损
17,2026-09-08,S04,Shiba店,设备维护,1662.19,维修公司,收银机维护
22,2026-09-08,S04,Shiba店,员工工资,2632.35,财务部,月度工资
40,2026-09-08,S03,Rabbit店,水电费,891.33,供电局/水务,月度水电
79,2026-09-08,S03,Rabbit店,水电费,961.58,供电局/水务,月度水电
25,2026-09-08,S02,Catty店,租金,357.4,物业,月度固定支出
59,2026-09-09,S03,Rabbit店,促销物料,1486.99,广告公司,促销海报与陈列
81,2026-09-09,S03,Rabbit店,卫生耗材,2874.79,保洁公司,清洁耗材
61,2026-09-10,S01,Bear店,损耗报损,1603.57,运营,临期/破损报损
64,2026-09-10,S01,Bear店,设备维护,1033.38,维修公司,收银机维护
82,2026-09-10,S01,Bear店,设备维护,2931.18,维修公司,收银机维护
8,2026-09-10,S03,Rabbit店,员工工资,1517.92,财务部,月度固定支出
30,2026-09-10,S03,Rabbit店,员工工资,2243.82,财务部,月度工资
44,2026-09-11,S02,Catty店,促销物料,2842.73,广告公司,促销海报与陈列
48,2026-09-11,S02,Catty店,员工工资,2483.68,财务部,月度工资
24,2026-09-12,S04,Shiba店,员工工资,2947.5,财务部,月度工资
35,2026-09-12,S04,Shiba店,租金,591.33,物业,月度固定支出
32,2026-09-12,S03,Rabbit店,促销物料,1553.09,广告公司,促销海报与陈列
47,2026-09-12,S03,Rabbit店,卫生耗材,289.49,保洁公司,清洁耗材
41,2026-09-13,S01,Bear店,员工工资,1327.81,财务部,月度工资
29,2026-09-13,S03,Rabbit店,促销物料,961.45,广告公司,促销海报与陈列
73,2026-09-13,S03,Rabbit店,员工工资,1337.7,财务部,月度工资
76,2026-09-13,S03,Rabbit店,物流配送,1040.21,物流公司,配送费
4,2026-09-14,S02,Catty店,租金,22372.43,物业公司,月度固定支出
60,2026-09-14,S02,Catty店,设备维护,1780.7,维修公司,收银机维护
67,2026-09-15,S03,Rabbit店,员工工资,835.09,财务部,月度工资
62,2026-09-15,S02,Catty店,设备维护,1284.19,维修公司,收银机维护
13,2026-09-16,S01,Bear店,员工工资,891.85,财务部,月度工资
11,2026-09-16,S04,Shiba店,员工工资,4273.96,财务部,月度固定支出
36,2026-09-16,S03,Rabbit店,水电费,2686.95,供电局/水务,月度水电
50,2026-09-16,S03,Rabbit店,租金,2790.48,物业,月度固定支出
5,2026-09-16,S02,Catty店,员工工资,1921.02,财务部,月度固定支出
69,2026-09-16,S02,Catty店,水电费,2999.35,供电局/水务,月度水电
71,2026-09-17,S01,Bear店,员工工资,1892.33,财务部,月度工资
78,2026-09-17,S02,Catty店,促销物料,2477.43,广告公司,促销海报与陈列
1,2026-09-18,S01,Bear店,租金,22715.14,物业公司,月度固定支出
7,2026-09-18,S03,Rabbit店,租金,27987.21,物业公司,月度固定支出
16,2026-09-19,S01,Bear店,卫生耗材,1654.74,保洁公司,清洁耗材
39,2026-09-19,S04,Shiba店,租金,627.39,物业,月度固定支出
23,2026-09-19,S02,Catty店,水电费,1896.68,供电局/水务,月度水电
68,2026-09-19,S02,Catty店,水电费,1283.68,供电局/水务,月度水电
2,2026-09-20,S01,Bear店,员工工资,2693.41,财务部,月度固定支出
57,2026-09-20,S04,Shiba店,设备维护,691.25,维修公司,收银机维护
38,2026-09-20,S02,Catty店,物流配送,2172.84,物流公司,配送费
66,2026-09-21,S01,Bear店,损耗报损,1933.95,运营,临期/破损报损
46,2026-09-21,S04,Shiba店,促销物料,358.1,广告公司,促销海报与陈列
75,2026-09-21,S03,Rabbit店,卫生耗材,1616.73,保洁公司,清洁耗材
14,2026-09-22,S04,Shiba店,员工工资,1457.45,财务部,月度工资
15,2026-09-22,S04,Shiba店,物流配送,1828.49,物流公司,配送费
80,2026-09-22,S04,Shiba店,租金,1408.69,物业,月度固定支出
56,2026-09-22,S03,Rabbit店,促销物料,2666.65,广告公司,促销海报与陈列
70,2026-09-22,S03,Rabbit店,租金,891.88,物业,月度固定支出
6,2026-09-22,S02,Catty店,水电费,2735.95,供电局,月度固定支出
12,2026-09-23,S04,Shiba店,水电费,4468.23,供电局,月度固定支出
45,2026-09-23,S02,Catty店,水电费,1728.93,供电局/水务,月度水电
58,2026-09-24,S04,Shiba店,水电费,1555.31,供电局/水务,月度水电
34,2026-09-24,S02,Catty店,水电费,2179.62,供电局/水务,月度水电
53,2026-09-25,S01,Bear店,租金,2652.01,物业,月度固定支出
10,2026-09-26,S04,Shiba店,租金,25427.39,物业公司,月度固定支出
54,2026-09-26,S03,Rabbit店,损耗报损,2993.27,运营,临期/破损报损
31,2026-09-28,S04,Shiba店,促销物料,314.02,广告公司,促销海报与陈列
42,2026-09-28,S04,Shiba店,设备维护,2134.21,维修公司,收银机维护
65,2026-09-28,S04,Shiba店,物流配送,2088.8,物流公司,配送费
18,2026-09-29,S01,Bear店,租金,1535.5,物业,月度固定支出
26,2026-09-29,S01,Bear店,促销物料,1346.07,广告公司,促销海报与陈列
52,2026-09-29,S02,Catty店,物流配送,704.8,物流公司,配送费
