商品ID,商品名称,类别,品牌,规格,单位,供应商,生产日期,保质期(天),进货成本(元),建议零售价(元),是否生鲜
1,可口可乐330ml,饮料,可口可乐330ml,整箱,件,中百供应链,2026-06-19,365,6.7,9.2,否
2,农夫山泉550ml,饮料,农夫山泉550ml,5L,5L,汇源食品,2026-09-02,270,40.4,57,否
3,元气森林气泡水,饮料,元气森林气泡水,整箱,件,永辉食品,2026-07-20,90,20.7,24.4,否
4,东方树叶乌龙茶,饮料,东方树叶乌龙茶,500g,500g,中百供应链,2026-07-13,270,37,49.8,否
5,王老吉罐装,饮料,王老吉罐装,250ml,250ml,本地直采,2026-08-10,180,18.8,24.6,否
6,美汁源果粒橙,饮料,美汁源果粒橙,整箱,件,汇源食品,2026-07-04,180,23.8,28.8,否
7,椰树椰汁,饮料,椰树椰汁,1kg,1kg,华润物流,2026-07-10,120,24.9,32,否
8,脉动青柠,饮料,脉动青柠,250ml,250ml,华润物流,2026-06-06,270,38.4,50.6,否
9,红牛250ml,饮料,红牛250ml,整箱,件,三江商贸,2026-09-03,270,18.8,26.3,否
10,康师傅冰红茶,饮料,康师傅冰红茶,5L,5L,三江商贸,2026-08-15,365,23.5,34.3,否
11,维他柠檬茶,饮料,维他柠檬茶,5L,5L,汇源食品,2026-08-24,270,41.4,52.8,否
12,依云矿泉水,饮料,依云矿泉水,6支装,6支装,华润物流,2026-09-09,120,24,28.5,否
13,乐事薯片原味,零食,乐事薯片原味,250ml,250ml,三江商贸,2026-06-25,90,43.4,59.6,否
14,奥利奥原味,零食,奥利奥原味,5L,5L,本地直采,2026-06-21,90,7.7,11.6,否
15,旺旺雪饼,零食,旺旺雪饼,1kg,1kg,汇源食品,2026-09-24,365,21.9,33.4,否
16,卫龙辣条,零食,卫龙辣条,5L,5L,三江商贸,2026-07-08,365,19,29.4,否
17,恰恰香瓜子,零食,恰恰香瓜子,单件,件,华润物流,2026-07-08,180,20.3,26.2,否
18,好丽友巧克力派,零食,好丽友巧克力派,5L,5L,永辉食品,2026-08-09,270,8,12.1,否
19,三只松鼠每日坚果,零食,三只松鼠每日坚果,5L,5L,汇源食品,2026-07-07,270,41.6,53.1,否
20,士力架花生,零食,士力架花生,单件,件,永辉食品,2026-07-16,270,34.9,47.6,否
21,德芙丝滑巧克力,零食,德芙丝滑巧克力,5L,5L,本地直采,2026-06-18,90,15.3,23.2,否
22,洽洽小黄袋,零食,洽洽小黄袋,5L,5L,中百供应链,2026-07-20,180,32.7,50.2,否
23,比比赞面包,零食,比比赞面包,整箱,件,本地直采,2026-06-25,270,43.6,65,否
24,上好佳鲜虾片,零食,上好佳鲜虾片,12瓶装,12瓶装,本地直采,2026-09-04,90,13.1,17.9,否
25,伊利纯牛奶250ml,乳制品,伊利纯牛奶250ml,整箱,件,华润物流,2026-08-20,90,38.8,47.9,否
26,蒙牛特仑苏,乳制品,蒙牛特仑苏,12瓶装,12瓶装,中百供应链,2026-06-02,90,21.1,29.2,否
27,光明鲜牛奶,乳制品,光明鲜牛奶,1kg,1kg,本地直采,2026-09-17,365,6.8,8.1,否
28,安慕希酸奶,乳制品,安慕希酸奶,500g,500g,本地直采,2026-08-17,90,34.5,45.3,否
29,养乐多5连瓶,乳制品,养乐多5连瓶,6支装,6支装,汇源食品,2026-08-22,270,26.9,39.4,否
30,简爱酸奶,乳制品,简爱酸奶,1kg,1kg,华润物流,2026-08-01,365,11.2,15.7,否
31,旺仔牛奶,乳制品,旺仔牛奶,1kg,1kg,汇源食品,2026-07-25,120,19.7,24.4,否
32,奶酪棒,乳制品,奶酪棒,12瓶装,12瓶装,三江商贸,2026-07-16,365,19.4,28.7,否
33,德亚全脂牛奶,乳制品,德亚全脂牛奶,单件,件,永辉食品,2026-09-12,90,2.1,2.6,否
34,金龙鱼食用油5L,粮油调味,金龙鱼食用油5L,单件,件,汇源食品,2026-09-07,90,29.6,45.2,否
35,福临门大米5kg,粮油调味,福临门大米5kg,500g,500g,华润物流,2026-09-24,270,22.2,31.8,否
36,海天生抽,粮油调味,海天生抽,6支装,6支装,中百供应链,2026-09-08,365,23.1,31.2,否
37,太太乐鸡精,粮油调味,太太乐鸡精,500g,500g,三江商贸,2026-09-21,365,27.2,34.2,否
38,老干妈辣椒酱,粮油调味,老干妈辣椒酱,250ml,250ml,华润物流,2026-08-08,90,27.5,39.4,否
39,陈醋,粮油调味,陈醋,单件,件,三江商贸,2026-06-22,90,10,15.2,否
40,食用盐500g,粮油调味,食用盐500g,单件,件,中百供应链,2026-09-01,270,39.3,55.7,否
41,白糖1kg,粮油调味,白糖1kg,6支装,6支装,中百供应链,2026-08-06,365,29.6,37.3,否
42,清风抽纸3层,日用百货,清风抽纸3层,250ml,250ml,汇源食品,2026-06-04,180,30.3,37.8,否
43,维达卷纸,日用百货,维达卷纸,6支装,6支装,永辉食品,2026-06-23,180,19.5,23.6,否
44,蓝月亮洗衣液,日用百货,蓝月亮洗衣液,1kg,1kg,三江商贸,2026-07-11,270,9.1,12.3,否
45,舒肤佳香皂,日用百货,舒肤佳香皂,整箱,件,汇源食品,2026-08-09,270,9.2,12.6,否
46,高露洁牙膏,日用百货,高露洁牙膏,12瓶装,12瓶装,中百供应链,2026-06-19,90,36.2,53.4,否
47,垃圾袋50只,日用百货,垃圾袋50只,500g,500g,三江商贸,2026-06-21,270,1.7,2.1,否
48,洗碗海绵,日用百货,洗碗海绵,单件,件,永辉食品,2026-06-04,120,25.2,37.5,否
49,保鲜膜,日用百货,保鲜膜,12瓶装,12瓶装,华润物流,2026-09-22,365,38.3,50.2,否
50,电池5号,日用百货,电池5号,12瓶装,12瓶装,汇源食品,2026-06-15,365,28.5,36.6,否
51,牙签,日用百货,牙签,6支装,6支装,华润物流,2026-08-05,365,14.3,18.3,否
52,本地西红柿,生鲜,本地西红柿,6支装,6支装,华润物流,2026-08-25,7,35.5,43.2,是
53,黄瓜,生鲜,黄瓜,整箱,件,汇源食品,2026-09-21,3,31.3,45.7,是
54,苹果,生鲜,苹果,1kg,1kg,永辉食品,2026-08-30,2,15.1,21.1,是
55,香蕉,生鲜,香蕉,250ml,250ml,永辉食品,2026-08-22,2,8.5,10.8,是
56,鸡蛋30枚,生鲜,鸡蛋30枚,12瓶装,12瓶装,华润物流,2026-09-07,2,19.5,23.1,是
57,五花肉,生鲜,五花肉,500g,500g,三江商贸,2026-06-01,5,15,18.2,是
58,鸡胸肉,生鲜,鸡胸肉,250ml,250ml,永辉食品,2026-09-16,2,27.9,39.7,是
59,鲈鱼,生鲜,鲈鱼,整箱,件,本地直采,2026-07-18,7,27.9,39.1,是
60,土豆,生鲜,土豆,250ml,250ml,永辉食品,2026-06-09,5,17.8,24.3,是
61,胡萝卜,生鲜,胡萝卜,单件,件,永辉食品,2026-07-18,7,42.7,56,是
62,西兰花,生鲜,西兰花,1kg,1kg,三江商贸,2026-07-09,2,31.7,40.8,是
63,草莓,生鲜,草莓,12瓶装,12瓶装,汇源食品,2026-06-28,5,15.4,23.3,是
64,鲜肉包子,熟食烘焙,鲜肉包子,整箱,件,华润物流,2026-08-08,1,3.9,6,是
65,茶叶蛋,熟食烘焙,茶叶蛋,1kg,1kg,华润物流,2026-06-20,3,3.1,4.3,是
66,关东煮,熟食烘焙,关东煮,250ml,250ml,三江商贸,2026-08-16,2,20,24.5,是
67,面包吐司,熟食烘焙,面包吐司,6支装,6支装,中百供应链,2026-08-18,1,11.9,15.9,是
68,蛋挞,熟食烘焙,蛋挞,250ml,250ml,永辉食品,2026-07-02,3,25.1,35.8,是
69,炸鸡腿,熟食烘焙,炸鸡腿,1kg,1kg,汇源食品,2026-06-17,1,35.7,45.1,是
70,便当盒饭,熟食烘焙,便当盒饭,6支装,6支装,本地直采,2026-06-14,2,22.3,28.5,是
71,三明治,熟食烘焙,三明治,单件,件,本地直采,2026-07-12,3,27.3,40.7,是
72,青岛啤酒500ml,酒水,青岛啤酒500ml,500g,500g,本地直采,2026-08-02,540,39.2,58.2,否
73,雪花啤酒,酒水,雪花啤酒,单件,件,本地直采,2026-06-14,365,24.1,35.1,否
74,牛栏山二锅头,酒水,牛栏山二锅头,6支装,6支装,本地直采,2026-09-20,365,44,59.6,否
75,长城干红,酒水,长城干红,12瓶装,12瓶装,汇源食品,2026-09-16,540,40.9,54.3,否
76,江小白,酒水,江小白,500g,500g,永辉食品,2026-09-02,365,37.6,49.1,否
77,RIO鸡尾酒,酒水,RIO鸡尾酒,1kg,1kg,中百供应链,2026-06-10,540,21.5,29,否
78,湾仔码头水饺,冷冻食品,湾仔码头水饺,单件,件,永辉食品,2026-07-19,270,8.4,11.2,否
79,思念汤圆,冷冻食品,思念汤圆,单件,件,本地直采,2026-07-04,270,36.9,54.9,否
80,雀巢冰淇淋,冷冻食品,雀巢冰淇淋,1kg,1kg,中百供应链,2026-08-18,365,9,11.6,否
81,和路雪甜筒,冷冻食品,和路雪甜筒,12瓶装,12瓶装,本地直采,2026-07-09,90,32.6,39.7,否
82,冻薯条,冷冻食品,冻薯条,250ml,250ml,汇源食品,2026-08-22,270,26.8,37.3,否
83,冻青豆玉米,冷冻食品,冻青豆玉米,整箱,件,华润物流,2026-06-16,120,43.4,59.5,否
