库存ID,门店ID,门店名称,商品ID,商品名称,类别,库存数量,安全库存,库存成本(元),盘点日期,库位
1,S01,Bear店,1,可口可乐330ml,饮料,44,20,294.8,2026-09-28,冷冻区
2,S01,Bear店,2,农夫山泉550ml,饮料,15,22,606,2026-09-28,B2
3,S01,Bear店,3,元气森林气泡水,饮料,106,16,2194.2,2026-09-28,冷冻区
4,S01,Bear店,4,东方树叶乌龙茶,饮料,117,23,4329,2026-09-28,C2
5,S01,Bear店,5,王老吉罐装,饮料,10,7,188,2026-09-28,A2
6,S01,Bear店,6,美汁源果粒橙,饮料,103,20,2451.4,2026-09-28,C1
7,S01,Bear店,7,椰树椰汁,饮料,33,29,821.7,2026-09-28,B2
8,S01,Bear店,8,脉动青柠,饮料,21,15,806.4,2026-09-28,冷藏区
9,S01,Bear店,9,红牛250ml,饮料,64,22,1203.2,2026-09-28,C2
10,S01,Bear店,10,康师傅冰红茶,饮料,41,28,963.5,2026-09-28,冷冻区
11,S01,Bear店,11,维他柠檬茶,饮料,51,15,2111.4,2026-09-28,B1
12,S01,Bear店,12,依云矿泉水,饮料,25,30,600,2026-09-28,冷冻区
13,S01,Bear店,13,乐事薯片原味,零食,28,27,1215.2,2026-09-28,C2
14,S01,Bear店,14,奥利奥原味,零食,97,30,746.9,2026-09-28,C2
15,S01,Bear店,15,旺旺雪饼,零食,52,30,1138.8,2026-09-28,冷藏区
16,S01,Bear店,16,卫龙辣条,零食,27,9,513,2026-09-28,冷冻区
17,S01,Bear店,17,恰恰香瓜子,零食,95,23,1928.5,2026-09-28,B1
18,S01,Bear店,18,好丽友巧克力派,零食,55,13,440,2026-09-28,C2
19,S01,Bear店,19,三只松鼠每日坚果,零食,106,8,4409.6,2026-09-28,C2
20,S01,Bear店,20,士力架花生,零食,34,19,1186.6,2026-09-28,C1
21,S01,Bear店,21,德芙丝滑巧克力,零食,18,22,275.4,2026-09-28,C1
22,S01,Bear店,22,洽洽小黄袋,零食,29,15,948.3,2026-09-28,B1
23,S01,Bear店,23,比比赞面包,零食,71,29,3095.6,2026-09-28,A2
24,S01,Bear店,24,上好佳鲜虾片,零食,34,14,445.4,2026-09-28,冷冻区
25,S01,Bear店,25,伊利纯牛奶250ml,乳制品,81,17,3142.8,2026-09-28,冷藏区
26,S01,Bear店,26,蒙牛特仑苏,乳制品,2,22,42.2,2026-09-28,C2
27,S01,Bear店,27,光明鲜牛奶,乳制品,86,18,584.8,2026-09-28,C2
28,S01,Bear店,28,安慕希酸奶,乳制品,12,26,414,2026-09-28,冷冻区
29,S01,Bear店,29,养乐多5连瓶,乳制品,116,26,3120.4,2026-09-28,B2
30,S01,Bear店,30,简爱酸奶,乳制品,54,16,604.8,2026-09-28,C2
31,S01,Bear店,31,旺仔牛奶,乳制品,7,17,137.9,2026-09-28,B1
32,S01,Bear店,32,奶酪棒,乳制品,1,13,19.4,2026-09-28,C1
33,S01,Bear店,33,德亚全脂牛奶,乳制品,16,15,33.6,2026-09-28,冷藏区
34,S01,Bear店,34,金龙鱼食用油5L,粮油调味,106,29,3137.6,2026-09-28,冷冻区
35,S01,Bear店,35,福临门大米5kg,粮油调味,108,20,2397.6,2026-09-28,C2
36,S01,Bear店,36,海天生抽,粮油调味,1,6,23.1,2026-09-28,B2
37,S01,Bear店,37,太太乐鸡精,粮油调味,81,8,2203.2,2026-09-28,C1
38,S01,Bear店,38,老干妈辣椒酱,粮油调味,41,5,1127.5,2026-09-28,B2
39,S01,Bear店,39,陈醋,粮油调味,101,19,1010,2026-09-28,C1
40,S01,Bear店,40,食用盐500g,粮油调味,79,25,3104.7,2026-09-28,C2
41,S01,Bear店,41,白糖1kg,粮油调味,10,22,296,2026-09-28,B2
42,S01,Bear店,42,清风抽纸3层,日用百货,68,29,2060.4,2026-09-28,A1
43,S01,Bear店,43,维达卷纸,日用百货,12,9,234,2026-09-28,C2
44,S01,Bear店,44,蓝月亮洗衣液,日用百货,28,19,254.8,2026-09-28,B2
45,S01,Bear店,45,舒肤佳香皂,日用百货,77,26,708.4,2026-09-28,B1
46,S01,Bear店,46,高露洁牙膏,日用百货,90,14,3258,2026-09-28,A2
47,S01,Bear店,47,垃圾袋50只,日用百货,72,18,122.4,2026-09-28,B1
48,S01,Bear店,48,洗碗海绵,日用百货,13,5,327.6,2026-09-28,C1
49,S01,Bear店,49,保鲜膜,日用百货,120,18,4596,2026-09-28,A1
50,S01,Bear店,50,电池5号,日用百货,23,22,655.5,2026-09-28,B2
51,S01,Bear店,51,牙签,日用百货,120,20,1716,2026-09-28,C2
52,S01,Bear店,52,本地西红柿,生鲜,43,16,1526.5,2026-09-28,C2
53,S01,Bear店,53,黄瓜,生鲜,77,20,2410.1,2026-09-28,C1
54,S01,Bear店,54,苹果,生鲜,62,15,936.2,2026-09-28,C1
55,S01,Bear店,55,香蕉,生鲜,4,25,34,2026-09-28,冷冻区
56,S01,Bear店,56,鸡蛋30枚,生鲜,17,5,331.5,2026-09-28,冷冻区
57,S01,Bear店,57,五花肉,生鲜,103,16,1545,2026-09-28,C1
58,S01,Bear店,58,鸡胸肉,生鲜,107,29,2985.3,2026-09-28,冷冻区
59,S01,Bear店,59,鲈鱼,生鲜,25,16,697.5,2026-09-28,C1
60,S01,Bear店,60,土豆,生鲜,65,28,1157,2026-09-28,冷藏区
61,S01,Bear店,61,胡萝卜,生鲜,38,11,1622.6,2026-09-28,A1
62,S01,Bear店,62,西兰花,生鲜,104,18,3296.8,2026-09-28,A2
63,S01,Bear店,63,草莓,生鲜,92,28,1416.8,2026-09-28,C1
64,S01,Bear店,64,鲜肉包子,熟食烘焙,61,24,237.9,2026-09-28,A2
65,S01,Bear店,65,茶叶蛋,熟食烘焙,109,21,337.9,2026-09-28,C2
66,S01,Bear店,66,关东煮,熟食烘焙,62,15,1240,2026-09-28,C2
67,S01,Bear店,67,面包吐司,熟食烘焙,46,10,547.4,2026-09-28,A2
68,S01,Bear店,68,蛋挞,熟食烘焙,71,30,1782.1,2026-09-28,B1
69,S01,Bear店,69,炸鸡腿,熟食烘焙,97,13,3462.9,2026-09-28,冷藏区
70,S01,Bear店,70,便当盒饭,熟食烘焙,80,8,1784,2026-09-28,B2
71,S01,Bear店,71,三明治,熟食烘焙,3,19,81.9,2026-09-28,B2
72,S01,Bear店,72,青岛啤酒500ml,酒水,26,18,1019.2,2026-09-28,B1
73,S01,Bear店,73,雪花啤酒,酒水,65,11,1566.5,2026-09-28,C1
74,S01,Bear店,74,牛栏山二锅头,酒水,99,27,4356,2026-09-28,冷冻区
75,S01,Bear店,75,长城干红,酒水,17,22,695.3,2026-09-28,C2
76,S01,Bear店,76,江小白,酒水,46,25,1729.6,2026-09-28,冷藏区
77,S01,Bear店,77,RIO鸡尾酒,酒水,68,24,1462,2026-09-28,B2
78,S01,Bear店,78,湾仔码头水饺,冷冻食品,19,24,159.6,2026-09-28,B1
79,S01,Bear店,79,思念汤圆,冷冻食品,93,9,3431.7,2026-09-28,B1
80,S01,Bear店,80,雀巢冰淇淋,冷冻食品,102,30,918,2026-09-28,A1
81,S01,Bear店,81,和路雪甜筒,冷冻食品,102,26,3325.2,2026-09-28,A1
82,S01,Bear店,82,冻薯条,冷冻食品,35,30,938,2026-09-28,C1
83,S01,Bear店,83,冻青豆玉米,冷冻食品,120,10,5208,2026-09-28,B1
84,S02,Catty店,1,可口可乐330ml,饮料,34,22,227.8,2026-09-28,C2
85,S02,Catty店,2,农夫山泉550ml,饮料,16,19,646.4,2026-09-28,B1
86,S02,Catty店,3,元气森林气泡水,饮料,23,27,476.1,2026-09-28,A1
87,S02,Catty店,4,东方树叶乌龙茶,饮料,96,10,3552,2026-09-28,B1
88,S02,Catty店,5,王老吉罐装,饮料,52,25,977.6,2026-09-28,冷冻区
89,S02,Catty店,6,美汁源果粒橙,饮料,116,22,2760.8,2026-09-28,A1
90,S02,Catty店,7,椰树椰汁,饮料,38,12,946.2,2026-09-28,C2
91,S02,Catty店,8,脉动青柠,饮料,113,22,4339.2,2026-09-28,A2
92,S02,Catty店,9,红牛250ml,饮料,59,26,1109.2,2026-09-28,冷藏区
93,S02,Catty店,10,康师傅冰红茶,饮料,19,15,446.5,2026-09-28,B1
94,S02,Catty店,11,维他柠檬茶,饮料,91,21,3767.4,2026-09-28,A1
95,S02,Catty店,12,依云矿泉水,饮料,60,5,1440,2026-09-28,A1
96,S02,Catty店,13,乐事薯片原味,零食,12,16,520.8,2026-09-28,C1
97,S02,Catty店,14,奥利奥原味,零食,42,29,323.4,2026-09-28,A1
98,S02,Catty店,15,旺旺雪饼,零食,20,21,438,2026-09-28,B2
99,S02,Catty店,16,卫龙辣条,零食,111,7,2109,2026-09-28,冷藏区
100,S02,Catty店,17,恰恰香瓜子,零食,84,18,1705.2,2026-09-28,B2
101,S02,Catty店,18,好丽友巧克力派,零食,106,10,848,2026-09-28,B2
102,S02,Catty店,19,三只松鼠每日坚果,零食,28,26,1164.8,2026-09-28,冷冻区
103,S02,Catty店,20,士力架花生,零食,27,16,942.3,2026-09-28,B1
104,S02,Catty店,21,德芙丝滑巧克力,零食,68,18,1040.4,2026-09-28,冷藏区
105,S02,Catty店,22,洽洽小黄袋,零食,58,16,1896.6,2026-09-28,B2
106,S02,Catty店,23,比比赞面包,零食,39,25,1700.4,2026-09-28,冷冻区
107,S02,Catty店,24,上好佳鲜虾片,零食,119,22,1558.9,2026-09-28,冷冻区
108,S02,Catty店,25,伊利纯牛奶250ml,乳制品,11,11,426.8,2026-09-28,B2
109,S02,Catty店,26,蒙牛特仑苏,乳制品,14,29,295.4,2026-09-28,A2
110,S02,Catty店,27,光明鲜牛奶,乳制品,45,27,306,2026-09-28,B1
111,S02,Catty店,28,安慕希酸奶,乳制品,14,10,483,2026-09-28,B2
112,S02,Catty店,29,养乐多5连瓶,乳制品,82,18,2205.8,2026-09-28,B2
113,S02,Catty店,30,简爱酸奶,乳制品,115,18,1288,2026-09-28,A1
114,S02,Catty店,31,旺仔牛奶,乳制品,70,9,1379,2026-09-28,C1
115,S02,Catty店,32,奶酪棒,乳制品,36,28,698.4,2026-09-28,C2
116,S02,Catty店,33,德亚全脂牛奶,乳制品,50,5,105,2026-09-28,冷冻区
117,S02,Catty店,34,金龙鱼食用油5L,粮油调味,66,19,1953.6,2026-09-28,C1
118,S02,Catty店,35,福临门大米5kg,粮油调味,107,16,2375.4,2026-09-28,冷冻区
119,S02,Catty店,36,海天生抽,粮油调味,17,8,392.7,2026-09-28,B1
120,S02,Catty店,37,太太乐鸡精,粮油调味,71,12,1931.2,2026-09-28,C2
121,S02,Catty店,38,老干妈辣椒酱,粮油调味,58,17,1595,2026-09-28,A1
122,S02,Catty店,39,陈醋,粮油调味,119,27,1190,2026-09-28,C2
123,S02,Catty店,40,食用盐500g,粮油调味,96,13,3772.8,2026-09-28,A2
124,S02,Catty店,41,白糖1kg,粮油调味,59,19,1746.4,2026-09-28,C2
125,S02,Catty店,42,清风抽纸3层,日用百货,69,30,2090.7,2026-09-28,A2
126,S02,Catty店,43,维达卷纸,日用百货,104,13,2028,2026-09-28,C1
127,S02,Catty店,44,蓝月亮洗衣液,日用百货,4,7,36.4,2026-09-28,A1
128,S02,Catty店,45,舒肤佳香皂,日用百货,8,21,73.6,2026-09-28,冷冻区
129,S02,Catty店,46,高露洁牙膏,日用百货,72,8,2606.4,2026-09-28,冷藏区
130,S02,Catty店,47,垃圾袋50只,日用百货,102,25,173.4,2026-09-28,冷冻区
131,S02,Catty店,48,洗碗海绵,日用百货,78,20,1965.6,2026-09-28,A1
132,S02,Catty店,49,保鲜膜,日用百货,19,15,727.7,2026-09-28,B1
133,S02,Catty店,50,电池5号,日用百货,3,8,85.5,2026-09-28,冷藏区
134,S02,Catty店,51,牙签,日用百货,11,10,157.3,2026-09-28,C1
135,S02,Catty店,52,本地西红柿,生鲜,2,6,71,2026-09-28,A2
136,S02,Catty店,53,黄瓜,生鲜,96,24,3004.8,2026-09-28,A2
137,S02,Catty店,54,苹果,生鲜,93,15,1404.3,2026-09-28,B1
138,S02,Catty店,55,香蕉,生鲜,39,20,331.5,2026-09-28,B2
139,S02,Catty店,56,鸡蛋30枚,生鲜,41,27,799.5,2026-09-28,冷冻区
140,S02,Catty店,57,五花肉,生鲜,88,12,1320,2026-09-28,冷藏区
141,S02,Catty店,58,鸡胸肉,生鲜,30,21,837,2026-09-28,C2
142,S02,Catty店,59,鲈鱼,生鲜,53,6,1478.7,2026-09-28,冷冻区
143,S02,Catty店,60,土豆,生鲜,31,24,551.8,2026-09-28,B1
144,S02,Catty店,61,胡萝卜,生鲜,56,11,2391.2,2026-09-28,A2
145,S02,Catty店,62,西兰花,生鲜,75,20,2377.5,2026-09-28,冷藏区
146,S02,Catty店,63,草莓,生鲜,61,21,939.4,2026-09-28,A1
147,S02,Catty店,64,鲜肉包子,熟食烘焙,63,11,245.7,2026-09-28,冷藏区
148,S02,Catty店,65,茶叶蛋,熟食烘焙,93,6,288.3,2026-09-28,冷冻区
149,S02,Catty店,66,关东煮,熟食烘焙,100,9,2000,2026-09-28,C1
150,S02,Catty店,67,面包吐司,熟食烘焙,30,21,357,2026-09-28,C2
151,S02,Catty店,68,蛋挞,熟食烘焙,34,29,853.4,2026-09-28,冷藏区
152,S02,Catty店,69,炸鸡腿,熟食烘焙,110,28,3927,2026-09-28,A1
153,S02,Catty店,70,便当盒饭,熟食烘焙,45,24,1003.5,2026-09-28,B1
154,S02,Catty店,71,三明治,熟食烘焙,67,8,1829.1,2026-09-28,C2
155,S02,Catty店,72,青岛啤酒500ml,酒水,103,11,4037.6,2026-09-28,A2
156,S02,Catty店,73,雪花啤酒,酒水,70,10,1687,2026-09-28,冷冻区
157,S02,Catty店,74,牛栏山二锅头,酒水,51,30,2244,2026-09-28,A2
158,S02,Catty店,75,长城干红,酒水,102,8,4171.8,2026-09-28,冷藏区
159,S02,Catty店,76,江小白,酒水,51,5,1917.6,2026-09-28,B2
160,S02,Catty店,77,RIO鸡尾酒,酒水,25,6,537.5,2026-09-28,C1
161,S02,Catty店,78,湾仔码头水饺,冷冻食品,96,30,806.4,2026-09-28,B1
162,S02,Catty店,79,思念汤圆,冷冻食品,67,13,2472.3,2026-09-28,C2
163,S02,Catty店,80,雀巢冰淇淋,冷冻食品,10,13,90,2026-09-28,B1
164,S02,Catty店,81,和路雪甜筒,冷冻食品,119,6,3879.4,2026-09-28,B2
165,S02,Catty店,82,冻薯条,冷冻食品,90,25,2412,2026-09-28,A2
166,S02,Catty店,83,冻青豆玉米,冷冻食品,115,19,4991,2026-09-28,A1
167,S03,Rabbit店,1,可口可乐330ml,饮料,45,27,301.5,2026-09-28,冷冻区
168,S03,Rabbit店,2,农夫山泉550ml,饮料,107,21,4322.8,2026-09-28,A1
169,S03,Rabbit店,3,元气森林气泡水,饮料,119,11,2463.3,2026-09-28,冷冻区
170,S03,Rabbit店,4,东方树叶乌龙茶,饮料,6,14,222,2026-09-28,A2
171,S03,Rabbit店,5,王老吉罐装,饮料,21,25,394.8,2026-09-28,A2
172,S03,Rabbit店,6,美汁源果粒橙,饮料,35,11,833,2026-09-28,A1
173,S03,Rabbit店,7,椰树椰汁,饮料,36,24,896.4,2026-09-28,A1
174,S03,Rabbit店,8,脉动青柠,饮料,60,13,2304,2026-09-28,A2
175,S03,Rabbit店,9,红牛250ml,饮料,113,27,2124.4,2026-09-28,B1
176,S03,Rabbit店,10,康师傅冰红茶,饮料,70,25,1645,2026-09-28,B2
177,S03,Rabbit店,11,维他柠檬茶,饮料,63,6,2608.2,2026-09-28,C2
178,S03,Rabbit店,12,依云矿泉水,饮料,29,22,696,2026-09-28,冷藏区
179,S03,Rabbit店,13,乐事薯片原味,零食,59,7,2560.6,2026-09-28,B2
180,S03,Rabbit店,14,奥利奥原味,零食,4,5,30.8,2026-09-28,冷藏区
181,S03,Rabbit店,15,旺旺雪饼,零食,49,22,1073.1,2026-09-28,A2
182,S03,Rabbit店,16,卫龙辣条,零食,56,26,1064,2026-09-28,B1
183,S03,Rabbit店,17,恰恰香瓜子,零食,21,12,426.3,2026-09-28,B1
184,S03,Rabbit店,18,好丽友巧克力派,零食,71,11,568,2026-09-28,C2
185,S03,Rabbit店,19,三只松鼠每日坚果,零食,51,13,2121.6,2026-09-28,B1
186,S03,Rabbit店,20,士力架花生,零食,59,7,2059.1,2026-09-28,A1
187,S03,Rabbit店,21,德芙丝滑巧克力,零食,44,7,673.2,2026-09-28,B1
188,S03,Rabbit店,22,洽洽小黄袋,零食,120,23,3924,2026-09-28,B2
189,S03,Rabbit店,23,比比赞面包,零食,105,20,4578,2026-09-28,B1
190,S03,Rabbit店,24,上好佳鲜虾片,零食,87,30,1139.7,2026-09-28,C2
191,S03,Rabbit店,25,伊利纯牛奶250ml,乳制品,22,20,853.6,2026-09-28,A2
192,S03,Rabbit店,26,蒙牛特仑苏,乳制品,17,5,358.7,2026-09-28,冷藏区
193,S03,Rabbit店,27,光明鲜牛奶,乳制品,11,27,74.8,2026-09-28,冷冻区
194,S03,Rabbit店,28,安慕希酸奶,乳制品,80,18,2760,2026-09-28,C2
195,S03,Rabbit店,29,养乐多5连瓶,乳制品,65,16,1748.5,2026-09-28,A2
196,S03,Rabbit店,30,简爱酸奶,乳制品,95,26,1064,2026-09-28,A1
197,S03,Rabbit店,31,旺仔牛奶,乳制品,83,13,1635.1,2026-09-28,B2
198,S03,Rabbit店,32,奶酪棒,乳制品,14,17,271.6,2026-09-28,B2
199,S03,Rabbit店,33,德亚全脂牛奶,乳制品,120,14,252,2026-09-28,B1
200,S03,Rabbit店,34,金龙鱼食用油5L,粮油调味,39,28,1154.4,2026-09-28,A1
201,S03,Rabbit店,35,福临门大米5kg,粮油调味,3,15,66.6,2026-09-28,B1
202,S03,Rabbit店,36,海天生抽,粮油调味,91,19,2102.1,2026-09-28,A2
203,S03,Rabbit店,37,太太乐鸡精,粮油调味,31,26,843.2,2026-09-28,冷冻区
204,S03,Rabbit店,38,老干妈辣椒酱,粮油调味,96,10,2640,2026-09-28,冷冻区
205,S03,Rabbit店,39,陈醋,粮油调味,14,7,140,2026-09-28,B1
206,S03,Rabbit店,40,食用盐500g,粮油调味,0,24,0,2026-09-28,C1
207,S03,Rabbit店,41,白糖1kg,粮油调味,18,18,532.8,2026-09-28,C1
208,S03,Rabbit店,42,清风抽纸3层,日用百货,2,19,60.6,2026-09-28,C1
209,S03,Rabbit店,43,维达卷纸,日用百货,19,17,370.5,2026-09-28,A1
210,S03,Rabbit店,44,蓝月亮洗衣液,日用百货,56,23,509.6,2026-09-28,A2
211,S03,Rabbit店,45,舒肤佳香皂,日用百货,12,12,110.4,2026-09-28,C2
212,S03,Rabbit店,46,高露洁牙膏,日用百货,56,30,2027.2,2026-09-28,A2
213,S03,Rabbit店,47,垃圾袋50只,日用百货,108,17,183.6,2026-09-28,C1
214,S03,Rabbit店,48,洗碗海绵,日用百货,56,29,1411.2,2026-09-28,冷冻区
215,S03,Rabbit店,49,保鲜膜,日用百货,93,14,3561.9,2026-09-28,C1
216,S03,Rabbit店,50,电池5号,日用百货,57,28,1624.5,2026-09-28,冷藏区
217,S03,Rabbit店,51,牙签,日用百货,60,14,858,2026-09-28,C2
218,S03,Rabbit店,52,本地西红柿,生鲜,104,10,3692,2026-09-28,A2
219,S03,Rabbit店,53,黄瓜,生鲜,78,22,2441.4,2026-09-28,A1
220,S03,Rabbit店,54,苹果,生鲜,26,11,392.6,2026-09-28,C1
221,S03,Rabbit店,55,香蕉,生鲜,91,29,773.5,2026-09-28,冷藏区
222,S03,Rabbit店,56,鸡蛋30枚,生鲜,28,27,546,2026-09-28,C2
223,S03,Rabbit店,57,五花肉,生鲜,21,30,315,2026-09-28,A2
224,S03,Rabbit店,58,鸡胸肉,生鲜,29,17,809.1,2026-09-28,B1
225,S03,Rabbit店,59,鲈鱼,生鲜,76,15,2120.4,2026-09-28,冷藏区
226,S03,Rabbit店,60,土豆,生鲜,26,24,462.8,2026-09-28,C1
227,S03,Rabbit店,61,胡萝卜,生鲜,116,22,4953.2,2026-09-28,冷藏区
228,S03,Rabbit店,62,西兰花,生鲜,88,13,2789.6,2026-09-28,C2
229,S03,Rabbit店,63,草莓,生鲜,110,19,1694,2026-09-28,B2
230,S03,Rabbit店,64,鲜肉包子,熟食烘焙,22,21,85.8,2026-09-28,C1
231,S03,Rabbit店,65,茶叶蛋,熟食烘焙,4,28,12.4,2026-09-28,B2
232,S03,Rabbit店,66,关东煮,熟食烘焙,38,10,760,2026-09-28,冷藏区
233,S03,Rabbit店,67,面包吐司,熟食烘焙,85,23,1011.5,2026-09-28,B1
234,S03,Rabbit店,68,蛋挞,熟食烘焙,56,17,1405.6,2026-09-28,冷冻区
235,S03,Rabbit店,69,炸鸡腿,熟食烘焙,87,6,3105.9,2026-09-28,C1
236,S03,Rabbit店,70,便当盒饭,熟食烘焙,94,6,2096.2,2026-09-28,C2
237,S03,Rabbit店,71,三明治,熟食烘焙,71,14,1938.3,2026-09-28,冷藏区
238,S03,Rabbit店,72,青岛啤酒500ml,酒水,28,27,1097.6,2026-09-28,C1
239,S03,Rabbit店,73,雪花啤酒,酒水,102,26,2458.2,2026-09-28,C2
240,S03,Rabbit店,74,牛栏山二锅头,酒水,106,16,4664,2026-09-28,冷藏区
241,S03,Rabbit店,75,长城干红,酒水,67,12,2740.3,2026-09-28,A1
242,S03,Rabbit店,76,江小白,酒水,53,21,1992.8,2026-09-28,冷藏区
243,S03,Rabbit店,77,RIO鸡尾酒,酒水,49,24,1053.5,2026-09-28,C2
244,S03,Rabbit店,78,湾仔码头水饺,冷冻食品,109,30,915.6,2026-09-28,B2
245,S03,Rabbit店,79,思念汤圆,冷冻食品,71,23,2619.9,2026-09-28,冷藏区
246,S03,Rabbit店,80,雀巢冰淇淋,冷冻食品,45,28,405,2026-09-28,A1
247,S03,Rabbit店,81,和路雪甜筒,冷冻食品,13,12,423.8,2026-09-28,B2
248,S03,Rabbit店,82,冻薯条,冷冻食品,22,20,589.6,2026-09-28,冷藏区
249,S03,Rabbit店,83,冻青豆玉米,冷冻食品,60,10,2604,2026-09-28,冷藏区
250,S04,Shiba店,1,可口可乐330ml,饮料,65,11,435.5,2026-09-28,C2
251,S04,Shiba店,2,农夫山泉550ml,饮料,3,22,121.2,2026-09-28,A2
252,S04,Shiba店,3,元气森林气泡水,饮料,12,8,248.4,2026-09-28,B2
253,S04,Shiba店,4,东方树叶乌龙茶,饮料,50,8,1850,2026-09-28,冷冻区
254,S04,Shiba店,5,王老吉罐装,饮料,76,16,1428.8,2026-09-28,A2
255,S04,Shiba店,6,美汁源果粒橙,饮料,53,12,1261.4,2026-09-28,C2
256,S04,Shiba店,7,椰树椰汁,饮料,39,5,971.1,2026-09-28,A2
257,S04,Shiba店,8,脉动青柠,饮料,113,7,4339.2,2026-09-28,C2
258,S04,Shiba店,9,红牛250ml,饮料,84,9,1579.2,2026-09-28,冷冻区
259,S04,Shiba店,10,康师傅冰红茶,饮料,80,18,1880,2026-09-28,A2
260,S04,Shiba店,11,维他柠檬茶,饮料,82,8,3394.8,2026-09-28,B2
261,S04,Shiba店,12,依云矿泉水,饮料,111,30,2664,2026-09-28,冷冻区
262,S04,Shiba店,13,乐事薯片原味,零食,43,24,1866.2,2026-09-28,B1
263,S04,Shiba店,14,奥利奥原味,零食,15,7,115.5,2026-09-28,C2
264,S04,Shiba店,15,旺旺雪饼,零食,30,9,657,2026-09-28,冷冻区
265,S04,Shiba店,16,卫龙辣条,零食,59,8,1121,2026-09-28,冷藏区
266,S04,Shiba店,17,恰恰香瓜子,零食,96,9,1948.8,2026-09-28,A2
267,S04,Shiba店,18,好丽友巧克力派,零食,2,26,16,2026-09-28,冷冻区
268,S04,Shiba店,19,三只松鼠每日坚果,零食,54,7,2246.4,2026-09-28,冷冻区
269,S04,Shiba店,20,士力架花生,零食,63,6,2198.7,2026-09-28,冷冻区
270,S04,Shiba店,21,德芙丝滑巧克力,零食,60,16,918,2026-09-28,A2
271,S04,Shiba店,22,洽洽小黄袋,零食,6,18,196.2,2026-09-28,B1
272,S04,Shiba店,23,比比赞面包,零食,54,25,2354.4,2026-09-28,A2
273,S04,Shiba店,24,上好佳鲜虾片,零食,32,27,419.2,2026-09-28,B2
274,S04,Shiba店,25,伊利纯牛奶250ml,乳制品,54,8,2095.2,2026-09-28,C2
275,S04,Shiba店,26,蒙牛特仑苏,乳制品,21,5,443.1,2026-09-28,B1
276,S04,Shiba店,27,光明鲜牛奶,乳制品,77,24,523.6,2026-09-28,C1
277,S04,Shiba店,28,安慕希酸奶,乳制品,33,29,1138.5,2026-09-28,冷藏区
278,S04,Shiba店,29,养乐多5连瓶,乳制品,100,8,2690,2026-09-28,B2
279,S04,Shiba店,30,简爱酸奶,乳制品,46,29,515.2,2026-09-28,A2
280,S04,Shiba店,31,旺仔牛奶,乳制品,52,25,1024.4,2026-09-28,A2
281,S04,Shiba店,32,奶酪棒,乳制品,73,29,1416.2,2026-09-28,C1
282,S04,Shiba店,33,德亚全脂牛奶,乳制品,40,18,84,2026-09-28,C1
283,S04,Shiba店,34,金龙鱼食用油5L,粮油调味,29,28,858.4,2026-09-28,B1
284,S04,Shiba店,35,福临门大米5kg,粮油调味,67,18,1487.4,2026-09-28,C1
285,S04,Shiba店,36,海天生抽,粮油调味,4,22,92.4,2026-09-28,C1
286,S04,Shiba店,37,太太乐鸡精,粮油调味,67,19,1822.4,2026-09-28,C1
287,S04,Shiba店,38,老干妈辣椒酱,粮油调味,52,28,1430,2026-09-28,C1
288,S04,Shiba店,39,陈醋,粮油调味,26,27,260,2026-09-28,冷冻区
289,S04,Shiba店,40,食用盐500g,粮油调味,20,16,786,2026-09-28,C1
290,S04,Shiba店,41,白糖1kg,粮油调味,33,14,976.8,2026-09-28,A2
291,S04,Shiba店,42,清风抽纸3层,日用百货,111,24,3363.3,2026-09-28,B2
292,S04,Shiba店,43,维达卷纸,日用百货,0,11,0,2026-09-28,C2
293,S04,Shiba店,44,蓝月亮洗衣液,日用百货,89,15,809.9,2026-09-28,A2
294,S04,Shiba店,45,舒肤佳香皂,日用百货,84,15,772.8,2026-09-28,冷藏区
295,S04,Shiba店,46,高露洁牙膏,日用百货,82,18,2968.4,2026-09-28,冷冻区
296,S04,Shiba店,47,垃圾袋50只,日用百货,77,17,130.9,2026-09-28,A2
297,S04,Shiba店,48,洗碗海绵,日用百货,47,18,1184.4,2026-09-28,冷冻区
298,S04,Shiba店,49,保鲜膜,日用百货,74,15,2834.2,2026-09-28,冷藏区
299,S04,Shiba店,50,电池5号,日用百货,45,5,1282.5,2026-09-28,C2
300,S04,Shiba店,51,牙签,日用百货,49,28,700.7,2026-09-28,C2
301,S04,Shiba店,52,本地西红柿,生鲜,101,13,3585.5,2026-09-28,冷冻区
302,S04,Shiba店,53,黄瓜,生鲜,1,16,31.3,2026-09-28,冷藏区
303,S04,Shiba店,54,苹果,生鲜,59,6,890.9,2026-09-28,A1
304,S04,Shiba店,55,香蕉,生鲜,110,27,935,2026-09-28,C1
305,S04,Shiba店,56,鸡蛋30枚,生鲜,69,22,1345.5,2026-09-28,A1
306,S04,Shiba店,57,五花肉,生鲜,14,29,210,2026-09-28,C2
307,S04,Shiba店,58,鸡胸肉,生鲜,55,13,1534.5,2026-09-28,冷藏区
308,S04,Shiba店,59,鲈鱼,生鲜,38,27,1060.2,2026-09-28,C1
309,S04,Shiba店,60,土豆,生鲜,0,11,0,2026-09-28,B2
310,S04,Shiba店,61,胡萝卜,生鲜,7,7,298.9,2026-09-28,B2
311,S04,Shiba店,62,西兰花,生鲜,22,6,697.4,2026-09-28,C2
312,S04,Shiba店,63,草莓,生鲜,119,24,1832.6,2026-09-28,冷冻区
313,S04,Shiba店,64,鲜肉包子,熟食烘焙,13,26,50.7,2026-09-28,A1
314,S04,Shiba店,65,茶叶蛋,熟食烘焙,37,9,114.7,2026-09-28,A2
315,S04,Shiba店,66,关东煮,熟食烘焙,111,18,2220,2026-09-28,B2
316,S04,Shiba店,67,面包吐司,熟食烘焙,14,27,166.6,2026-09-28,A2
317,S04,Shiba店,68,蛋挞,熟食烘焙,116,8,2911.6,2026-09-28,A2
318,S04,Shiba店,69,炸鸡腿,熟食烘焙,75,28,2677.5,2026-09-28,冷藏区
319,S04,Shiba店,70,便当盒饭,熟食烘焙,4,9,89.2,2026-09-28,冷冻区
320,S04,Shiba店,71,三明治,熟食烘焙,106,22,2893.8,2026-09-28,A1
321,S04,Shiba店,72,青岛啤酒500ml,酒水,96,29,3763.2,2026-09-28,C1
322,S04,Shiba店,73,雪花啤酒,酒水,52,16,1253.2,2026-09-28,冷冻区
323,S04,Shiba店,74,牛栏山二锅头,酒水,24,6,1056,2026-09-28,冷藏区
324,S04,Shiba店,75,长城干红,酒水,39,9,1595.1,2026-09-28,C1
325,S04,Shiba店,76,江小白,酒水,81,22,3045.6,2026-09-28,B1
326,S04,Shiba店,77,RIO鸡尾酒,酒水,77,17,1655.5,2026-09-28,A1
327,S04,Shiba店,78,湾仔码头水饺,冷冻食品,8,19,67.2,2026-09-28,冷藏区
328,S04,Shiba店,79,思念汤圆,冷冻食品,105,20,3874.5,2026-09-28,冷冻区
329,S04,Shiba店,80,雀巢冰淇淋,冷冻食品,81,25,729,2026-09-28,B1
330,S04,Shiba店,81,和路雪甜筒,冷冻食品,100,5,3260,2026-09-28,C1
331,S04,Shiba店,82,冻薯条,冷冻食品,99,29,2653.2,2026-09-28,A2
332,S04,Shiba店,83,冻青豆玉米,冷冻食品,101,9,4383.4,2026-09-28,冷藏区
